NazivVjezbe,NazivRepozitorijaVjezbe,NazivRepozitorijaSpirale
2012/2013,Vjezba,Spirala
2010/2011,ssss,ssss
928.0813850666068/929.0813850666068,Vje+1546006137993,Spi+1546006137993
2015/2016,Spirala,Vjezba
798.4768051874852/799.4768051874852,Vje+1546019080854,Spi+1546019080854
320.8465218711284/321.8465218711284,Vje+1546204344796,Spi+1546204344796
